<?xml version = '1.0' encoding = 'UTF-8'?>
<Relation class="oracle.dbtools.crest.model.design.logical.Relation" name="Relation_5" directorySegmentName="seg_0" id="109EF757-10FF-EA80-5F78-59DA0BF142AC">
<createdBy>labsfiap</createdBy>
<createdTime>2025-04-03 22:15:06 UTC</createdTime>
<ownerDesignName>database</ownerDesignName>
<engineerTo>
<item key="01AC03EE-4266-7288-B8BE-0A84BDCA832C" value="true"/>
</engineerTo>
<sourcePk>C229C7D3-BB75-B92F-9228-AFEDADFCF7C0</sourcePk>
<identifying>false</identifying>
<optionalSource>true</optionalSource>
<optionalTarget>false</optionalTarget>
<sourceCardinality>1</sourceCardinality>
<sourceEntity>DB76AB6E-7C7F-8F27-49B0-C46F8C954BBC</sourceEntity>
<targetCardinalityString>*</targetCardinalityString>
<targetEntity>06470903-0603-B40E-DF80-AD4ED7DFDE1F</targetEntity>
<transferable>true</transferable>
<deleteRule>NO ACTION</deleteRule>
</Relation>