<?xml version = '1.0' encoding = 'UTF-8'?>
<Relation class="oracle.dbtools.crest.model.design.logical.Relation" name="Relation_6" directorySegmentName="seg_0" id="361922DE-5935-66DA-A225-9A25FBDAB248">
<createdBy>labsfiap</createdBy>
<createdTime>2025-04-03 22:28:08 UTC</createdTime>
<ownerDesignName>database</ownerDesignName>
<engineerTo>
<item key="01AC03EE-4266-7288-B8BE-0A84BDCA832C" value="true"/>
</engineerTo>
<sourcePk>C229C7D3-BB75-B92F-9228-AFEDADFCF7C0</sourcePk>
<identifying>false</identifying>
<optionalSource>true</optionalSource>
<optionalTarget>false</optionalTarget>
<sourceCardinality>1</sourceCardinality>
<sourceEntity>DB76AB6E-7C7F-8F27-49B0-C46F8C954BBC</sourceEntity>
<targetCardinalityString>*</targetCardinalityString>
<targetEntity>92AEEB17-3F30-8840-9A1B-5310DDF4F0E1</targetEntity>
<transferable>true</transferable>
<deleteRule>NO ACTION</deleteRule>
</Relation>