<?xml version = '1.0' encoding = 'UTF-8'?>
<Relation class="oracle.dbtools.crest.model.design.logical.Relation" name="Relation_3" directorySegmentName="seg_0" id="45AC6450-C1F3-8B14-E940-4C883047D15F">
<createdBy>labsfiap</createdBy>
<createdTime>2025-04-03 22:06:48 UTC</createdTime>
<ownerDesignName>database</ownerDesignName>
<engineerTo>
<item key="01AC03EE-4266-7288-B8BE-0A84BDCA832C" value="true"/>
</engineerTo>
<identifying>false</identifying>
<optionalSource>true</optionalSource>
<optionalTarget>false</optionalTarget>
<sourceCardinality>1</sourceCardinality>
<sourceEntity>6F872AB1-025B-2970-90AF-9010244BCB96</sourceEntity>
<targetCardinalityString>*</targetCardinalityString>
<targetEntity>D363A0D7-F64D-6412-1E3C-03ED8A2C1426</targetEntity>
<transferable>true</transferable>
<deleteRule>NO ACTION</deleteRule>
</Relation>