<?xml version = '1.0' encoding = 'UTF-8'?>
<Relation class="oracle.dbtools.crest.model.design.logical.Relation" name="Relation_1" directorySegmentName="seg_0" id="635CAF05-C892-F945-29A9-BBC9E4624D42">
<createdBy>labsfiap</createdBy>
<createdTime>2025-04-03 22:02:22 UTC</createdTime>
<ownerDesignName>database</ownerDesignName>
<engineerTo>
<item key="01AC03EE-4266-7288-B8BE-0A84BDCA832C" value="true"/>
</engineerTo>
<sourcePk>C229C7D3-BB75-B92F-9228-AFEDADFCF7C0</sourcePk>
<identifying>false</identifying>
<optionalSource>true</optionalSource>
<optionalTarget>false</optionalTarget>
<sourceCardinality>1</sourceCardinality>
<sourceEntity>DB76AB6E-7C7F-8F27-49B0-C46F8C954BBC</sourceEntity>
<targetCardinalityString>*</targetCardinalityString>
<targetEntity>6F872AB1-025B-2970-90AF-9010244BCB96</targetEntity>
<transferable>true</transferable>
<deleteRule>NO ACTION</deleteRule>
</Relation>