<?xml version = '1.0' encoding = 'UTF-8'?>
<Entity class="oracle.dbtools.crest.model.design.logical.Entity" directorySegmentName="seg_0" id="06470903-0603-B40E-DF80-AD4ED7DFDE1F" name="ENDERECO ">
<createdBy>labsfiap</createdBy>
<createdTime>2025-04-03 22:12:18 UTC</createdTime>
<ownerDesignName>database</ownerDesignName>
<engineerTo>
<item key="01AC03EE-4266-7288-B8BE-0A84BDCA832C" value="true"/>
</engineerTo>
<adequatelyNormalized>NO</adequatelyNormalized>
<expectedVolumes>0</expectedVolumes>
<fwdEngineeringStrategyName>Single Table</fwdEngineeringStrategyName>
<growthPercent>0</growthPercent>
<growthType>Year</growthType>
<maxVolumes>9999999</maxVolumes>
<minVolumes>0</minVolumes>
<normalForm>Third</normalForm>
<attributes itemClass="oracle.dbtools.crest.model.design.logical.Attribute">
<Attribute name="CEP" id="4A651EE5-0B16-17E7-3616-FDAB660E433C">
<createdBy>labsfiap</createdBy>
<createdTime>2025-04-03 22:12:55 UTC</createdTime>
<ownerDesignName>database</ownerDesignName>
<engineerTo>
<item key="01AC03EE-4266-7288-B8BE-0A84BDCA832C" value="true"/>
</engineerTo>
<nullsAllowed>true</nullsAllowed>
<useDomainConstraints>false</useDomainConstraints>
<use>1</use>
<logicalDatatype>LOGDT019</logicalDatatype>
<ownDataTypeParameters>,,</ownDataTypeParameters>
</Attribute>
<Attribute name="RUA" id="C9B7B6CE-C048-5A65-32E9-B5867773503B">
<createdBy>labsfiap</createdBy>
<createdTime>2025-04-03 22:13:20 UTC</createdTime>
<ownerDesignName>database</ownerDesignName>
<engineerTo>
<item key="01AC03EE-4266-7288-B8BE-0A84BDCA832C" value="true"/>
</engineerTo>
<nullsAllowed>true</nullsAllowed>
<useDomainConstraints>false</useDomainConstraints>
<use>1</use>
<logicalDatatype>LOGDT025</logicalDatatype>
<ownDataTypeParameters>,,</ownDataTypeParameters>
</Attribute>
<Attribute name="NUMERO" id="74912CE8-449E-2438-1FA4-1A27B0A9566A">
<createdBy>labsfiap</createdBy>
<createdTime>2025-04-03 22:13:24 UTC</createdTime>
<ownerDesignName>database</ownerDesignName>
<engineerTo>
<item key="01AC03EE-4266-7288-B8BE-0A84BDCA832C" value="true"/>
</engineerTo>
<useDomainConstraints>false</useDomainConstraints>
<use>1</use>
<logicalDatatype>LOGDT019</logicalDatatype>
<dataTypePrecision>1234</dataTypePrecision>
<ownDataTypeParameters>,1234,</ownDataTypeParameters>
</Attribute>
<Attribute name="BAIRRO" id="29D0852D-FE17-3765-784A-56B5F5A056AF">
<createdBy>labsfiap</createdBy>
<createdTime>2025-04-03 22:13:29 UTC</createdTime>
<ownerDesignName>database</ownerDesignName>
<engineerTo>
<item key="01AC03EE-4266-7288-B8BE-0A84BDCA832C" value="true"/>
</engineerTo>
<nullsAllowed>true</nullsAllowed>
<useDomainConstraints>false</useDomainConstraints>
<use>1</use>
<logicalDatatype>LOGDT025</logicalDatatype>
<ownDataTypeParameters>,,</ownDataTypeParameters>
</Attribute>
<Attribute name="CIDADE" id="13BDB154-46FF-219B-7CD0-80CF383EC273">
<createdBy>labsfiap</createdBy>
<createdTime>2025-04-03 22:14:08 UTC</createdTime>
<ownerDesignName>database</ownerDesignName>
<engineerTo>
<item key="01AC03EE-4266-7288-B8BE-0A84BDCA832C" value="true"/>
</engineerTo>
<nullsAllowed>true</nullsAllowed>
<useDomainConstraints>false</useDomainConstraints>
<use>1</use>
<logicalDatatype>LOGDT025</logicalDatatype>
<ownDataTypeParameters>,,</ownDataTypeParameters>
</Attribute>
<Attribute name="ESTADO" id="017E4F8C-0BF3-05BD-9A94-8D761C284ABE">
<createdBy>labsfiap</createdBy>
<createdTime>2025-04-03 22:14:12 UTC</createdTime>
<ownerDesignName>database</ownerDesignName>
<engineerTo>
<item key="01AC03EE-4266-7288-B8BE-0A84BDCA832C" value="true"/>
</engineerTo>
<nullsAllowed>true</nullsAllowed>
<useDomainConstraints>false</useDomainConstraints>
<use>1</use>
<logicalDatatype>LOGDT025</logicalDatatype>
<ownDataTypeParameters>,,</ownDataTypeParameters>
</Attribute>
<Attribute name="CODIGO DO ESTABELECIMENTO " id="B54A1C19-6AB0-6C95-272A-48B3761EB1EF">
<createdBy>labsfiap</createdBy>
<createdTime>2025-04-03 22:24:50 UTC</createdTime>
<generatorID>109EF757-10FF-EA80-5F78-59DA0BF142AC</generatorID>
<ownerDesignName>database</ownerDesignName>
<engineerTo>
<item key="01AC03EE-4266-7288-B8BE-0A84BDCA832C" value="true"/>
</engineerTo>
<referedAttribute>81E2472A-1873-EDE7-C06D-FE0ED21EE289</referedAttribute>
<useDomainConstraints>false</useDomainConstraints>
<use>1</use>
<logicalDatatype>LOGDT019</logicalDatatype>
<dataTypePrecision>14</dataTypePrecision>
<ownDataTypeParameters>,,</ownDataTypeParameters>
</Attribute>
</attributes>
<identifiers itemClass="oracle.dbtools.crest.model.design.logical.CandidateKey">
<identifier id="8E1A6CCB-08BC-7193-674B-7862AB5DC5A5" name="ENDERECO PK">
<createdBy>labsfiap</createdBy>
<createdTime>2025-04-03 22:24:19 UTC</createdTime>
<ownerDesignName>database</ownerDesignName>
<engineerTo>
<item key="01AC03EE-4266-7288-B8BE-0A84BDCA832C" value="true"/>
</engineerTo>
<pk>true</pk>
<usedAttributes>
<attributeRef>74912CE8-449E-2438-1FA4-1A27B0A9566A</attributeRef>
</usedAttributes>
</identifier>
</identifiers>
</Entity>