<?xml version = '1.0' encoding = 'UTF-8'?>
<Entity class="oracle.dbtools.crest.model.design.logical.Entity" directorySegmentName="seg_0" id="6F872AB1-025B-2970-90AF-9010244BCB96" name="PRODUTO ">
<createdBy>labsfiap</createdBy>
<createdTime>2025-04-03 21:53:57 UTC</createdTime>
<ownerDesignName>database</ownerDesignName>
<engineerTo>
<item key="01AC03EE-4266-7288-B8BE-0A84BDCA832C" value="true"/>
</engineerTo>
<adequatelyNormalized>NO</adequatelyNormalized>
<expectedVolumes>0</expectedVolumes>
<fwdEngineeringStrategyName>Single Table</fwdEngineeringStrategyName>
<growthPercent>0</growthPercent>
<growthType>Year</growthType>
<maxVolumes>9999999</maxVolumes>
<minVolumes>0</minVolumes>
<normalForm>Third</normalForm>
<attributes itemClass="oracle.dbtools.crest.model.design.logical.Attribute">
<Attribute name="CODIGO DO PRODUTO " id="E3162E1C-D535-0A29-05B4-0D63E75869F6">
<createdBy>labsfiap</createdBy>
<createdTime>2025-04-03 21:54:45 UTC</createdTime>
<ownerDesignName>database</ownerDesignName>
<engineerTo>
<item key="01AC03EE-4266-7288-B8BE-0A84BDCA832C" value="true"/>
</engineerTo>
<nullsAllowed>true</nullsAllowed>
<useDomainConstraints>false</useDomainConstraints>
<use>1</use>
<logicalDatatype>LOGDT019</logicalDatatype>
<ownDataTypeParameters>,,</ownDataTypeParameters>
</Attribute>
<Attribute name="NOME DO PRODUTO " id="DBB7777A-8405-077D-C2B8-8864CE5B2A4D">
<createdBy>labsfiap</createdBy>
<createdTime>2025-04-03 21:54:55 UTC</createdTime>
<ownerDesignName>database</ownerDesignName>
<engineerTo>
<item key="01AC03EE-4266-7288-B8BE-0A84BDCA832C" value="true"/>
</engineerTo>
<nullsAllowed>true</nullsAllowed>
<useDomainConstraints>false</useDomainConstraints>
<use>1</use>
<logicalDatatype>LOGDT025</logicalDatatype>
<ownDataTypeParameters>,,</ownDataTypeParameters>
</Attribute>
<Attribute name="QUANTIDADE CONSUMIDA " id="1898119E-400F-E9A3-811F-D905E117E8EF">
<createdBy>labsfiap</createdBy>
<createdTime>2025-04-03 21:55:10 UTC</createdTime>
<ownerDesignName>database</ownerDesignName>
<engineerTo>
<item key="01AC03EE-4266-7288-B8BE-0A84BDCA832C" value="true"/>
</engineerTo>
<nullsAllowed>true</nullsAllowed>
<useDomainConstraints>false</useDomainConstraints>
<use>1</use>
<logicalDatatype>LOGDT019</logicalDatatype>
<ownDataTypeParameters>,,</ownDataTypeParameters>
</Attribute>
<Attribute name="TIPO (UNIDADE, PORÇÃO) " id="B5D408CB-1A7D-C18A-5293-003B05B414E6">
<createdBy>labsfiap</createdBy>
<createdTime>2025-04-03 21:56:40 UTC</createdTime>
<ownerDesignName>database</ownerDesignName>
<engineerTo>
<item key="01AC03EE-4266-7288-B8BE-0A84BDCA832C" value="true"/>
</engineerTo>
<nullsAllowed>true</nullsAllowed>
<useDomainConstraints>false</useDomainConstraints>
<use>1</use>
<logicalDatatype>LOGDT025</logicalDatatype>
<ownDataTypeParameters>,,</ownDataTypeParameters>
</Attribute>
<Attribute name="PRECO UNITARIO " id="45B4F809-F0C9-B372-DB02-850E6BB10061">
<createdBy>labsfiap</createdBy>
<createdTime>2025-04-03 21:56:44 UTC</createdTime>
<ownerDesignName>database</ownerDesignName>
<engineerTo>
<item key="01AC03EE-4266-7288-B8BE-0A84BDCA832C" value="true"/>
</engineerTo>
<nullsAllowed>true</nullsAllowed>
<useDomainConstraints>false</useDomainConstraints>
<use>1</use>
<logicalDatatype>LOGDT019</logicalDatatype>
<ownDataTypeParameters>,,</ownDataTypeParameters>
</Attribute>
<Attribute name="VALOR TOTAL DA VENDA PRD " id="568F94D1-7616-38DC-2A30-2E0144F528AD">
<createdBy>labsfiap</createdBy>
<createdTime>2025-04-03 21:56:56 UTC</createdTime>
<ownerDesignName>database</ownerDesignName>
<engineerTo>
<item key="01AC03EE-4266-7288-B8BE-0A84BDCA832C" value="true"/>
</engineerTo>
<nullsAllowed>true</nullsAllowed>
<useDomainConstraints>false</useDomainConstraints>
<use>1</use>
<logicalDatatype>LOGDT019</logicalDatatype>
<ownDataTypeParameters>,,</ownDataTypeParameters>
</Attribute>
<Attribute name="VALOR TOTAL DO DESCONTO " id="F1CB7279-5C4A-953D-EACB-8D44314AB1D7">
<createdBy>labsfiap</createdBy>
<createdTime>2025-04-03 21:57:04 UTC</createdTime>
<ownerDesignName>database</ownerDesignName>
<engineerTo>
<item key="01AC03EE-4266-7288-B8BE-0A84BDCA832C" value="true"/>
</engineerTo>
<nullsAllowed>true</nullsAllowed>
<useDomainConstraints>false</useDomainConstraints>
<use>1</use>
<logicalDatatype>LOGDT019</logicalDatatype>
<ownDataTypeParameters>,,</ownDataTypeParameters>
</Attribute>
<Attribute name="VALOR TOTAL GERAL VENDA " id="8E99E04B-D160-B55C-7F9A-03AD05634F97">
<createdBy>labsfiap</createdBy>
<createdTime>2025-04-03 21:57:18 UTC</createdTime>
<ownerDesignName>database</ownerDesignName>
<engineerTo>
<item key="01AC03EE-4266-7288-B8BE-0A84BDCA832C" value="true"/>
</engineerTo>
<nullsAllowed>true</nullsAllowed>
<useDomainConstraints>false</useDomainConstraints>
<use>1</use>
<logicalDatatype>LOGDT019</logicalDatatype>
<ownDataTypeParameters>,,</ownDataTypeParameters>
</Attribute>
<Attribute name="CODIGO DO ESTABELECIMENTO " id="7A9A395E-7FA8-02A6-7B3F-D902DEB730C4">
<createdBy>labsfiap</createdBy>
<createdTime>2025-04-03 22:24:50 UTC</createdTime>
<generatorID>635CAF05-C892-F945-29A9-BBC9E4624D42</generatorID>
<ownerDesignName>database</ownerDesignName>
<engineerTo>
<item key="01AC03EE-4266-7288-B8BE-0A84BDCA832C" value="true"/>
</engineerTo>
<referedAttribute>81E2472A-1873-EDE7-C06D-FE0ED21EE289</referedAttribute>
<useDomainConstraints>false</useDomainConstraints>
<use>1</use>
<logicalDatatype>LOGDT019</logicalDatatype>
<dataTypePrecision>14</dataTypePrecision>
<ownDataTypeParameters>,,</ownDataTypeParameters>
</Attribute>
</attributes>
</Entity>