<?xml version = '1.0' encoding = 'UTF-8'?>
<Entity class="oracle.dbtools.crest.model.design.logical.Entity" directorySegmentName="seg_0" id="92AEEB17-3F30-8840-9A1B-5310DDF4F0E1" name="MESA">
<createdBy>labsfiap</createdBy>
<createdTime>2025-04-03 22:25:18 UTC</createdTime>
<ownerDesignName>database</ownerDesignName>
<engineerTo>
<item key="01AC03EE-4266-7288-B8BE-0A84BDCA832C" value="true"/>
</engineerTo>
<adequatelyNormalized>NO</adequatelyNormalized>
<expectedVolumes>0</expectedVolumes>
<fwdEngineeringStrategyName>Single Table</fwdEngineeringStrategyName>
<growthPercent>0</growthPercent>
<growthType>Year</growthType>
<maxVolumes>9999999</maxVolumes>
<minVolumes>0</minVolumes>
<normalForm>Third</normalForm>
<attributes itemClass="oracle.dbtools.crest.model.design.logical.Attribute">
<Attribute name="NUMERO DA MESA" id="7D55B1DF-F05F-3C6A-10F5-AFE964539405">
<createdBy>labsfiap</createdBy>
<createdTime>2025-04-03 22:25:52 UTC</createdTime>
<ownerDesignName>database</ownerDesignName>
<engineerTo>
<item key="01AC03EE-4266-7288-B8BE-0A84BDCA832C" value="true"/>
</engineerTo>
<nullsAllowed>true</nullsAllowed>
<useDomainConstraints>false</useDomainConstraints>
<use>1</use>
<logicalDatatype>LOGDT019</logicalDatatype>
<ownDataTypeParameters>,,</ownDataTypeParameters>
</Attribute>
<Attribute name="ALTURA DA MESA" id="D98CBC5F-CA65-B6F3-6861-0B5670E7913F">
<createdBy>labsfiap</createdBy>
<createdTime>2025-04-03 22:27:01 UTC</createdTime>
<ownerDesignName>database</ownerDesignName>
<engineerTo>
<item key="01AC03EE-4266-7288-B8BE-0A84BDCA832C" value="true"/>
</engineerTo>
<nullsAllowed>true</nullsAllowed>
<useDomainConstraints>false</useDomainConstraints>
<use>1</use>
<logicalDatatype>LOGDT019</logicalDatatype>
<ownDataTypeParameters>,,</ownDataTypeParameters>
</Attribute>
<Attribute name="QUANTIDADE DE PESSOAS NA MESA " id="F2597980-B077-7B12-5116-953454C71B5C">
<createdBy>labsfiap</createdBy>
<createdTime>2025-04-03 22:27:18 UTC</createdTime>
<ownerDesignName>database</ownerDesignName>
<engineerTo>
<item key="01AC03EE-4266-7288-B8BE-0A84BDCA832C" value="true"/>
</engineerTo>
<nullsAllowed>true</nullsAllowed>
<useDomainConstraints>false</useDomainConstraints>
<use>1</use>
<logicalDatatype>LOGDT019</logicalDatatype>
<ownDataTypeParameters>,,</ownDataTypeParameters>
</Attribute>
<Attribute name="CODIGO DO ESTABELECIMENTO " id="C8A4D6B7-89ED-D8E7-7E17-A2BE40D55BEC">
<createdBy>labsfiap</createdBy>
<createdTime>2025-04-03 22:28:08 UTC</createdTime>
<generatorID>361922DE-5935-66DA-A225-9A25FBDAB248</generatorID>
<ownerDesignName>database</ownerDesignName>
<engineerTo>
<item key="01AC03EE-4266-7288-B8BE-0A84BDCA832C" value="true"/>
</engineerTo>
<referedAttribute>81E2472A-1873-EDE7-C06D-FE0ED21EE289</referedAttribute>
<useDomainConstraints>false</useDomainConstraints>
<use>1</use>
<logicalDatatype>LOGDT019</logicalDatatype>
<dataTypePrecision>14</dataTypePrecision>
<ownDataTypeParameters>,,</ownDataTypeParameters>
</Attribute>
</attributes>
</Entity>