<?xml version = '1.0' encoding = 'UTF-8'?>
<Entity class="oracle.dbtools.crest.model.design.logical.Entity" directorySegmentName="seg_0" id="DB76AB6E-7C7F-8F27-49B0-C46F8C954BBC" name="ESTABELECIMENTO">
<createdBy>labsfiap</createdBy>
<createdTime>2025-04-03 21:49:16 UTC</createdTime>
<ownerDesignName>database</ownerDesignName>
<engineerTo>
<item key="01AC03EE-4266-7288-B8BE-0A84BDCA832C" value="true"/>
</engineerTo>
<adequatelyNormalized>NO</adequatelyNormalized>
<expectedVolumes>0</expectedVolumes>
<fwdEngineeringStrategyName>Single Table</fwdEngineeringStrategyName>
<growthPercent>0</growthPercent>
<growthType>Year</growthType>
<maxVolumes>9999999</maxVolumes>
<minVolumes>0</minVolumes>
<normalForm>Third</normalForm>
<attributes itemClass="oracle.dbtools.crest.model.design.logical.Attribute">
<Attribute name="CODIGO DO ESTABELECIMENTO " id="81E2472A-1873-EDE7-C06D-FE0ED21EE289">
<createdBy>labsfiap</createdBy>
<createdTime>2025-04-03 21:49:39 UTC</createdTime>
<ownerDesignName>database</ownerDesignName>
<engineerTo>
<item key="01AC03EE-4266-7288-B8BE-0A84BDCA832C" value="true"/>
</engineerTo>
<useDomainConstraints>false</useDomainConstraints>
<use>1</use>
<logicalDatatype>LOGDT019</logicalDatatype>
<dataTypePrecision>14</dataTypePrecision>
<ownDataTypeParameters>,14,</ownDataTypeParameters>
</Attribute>
<Attribute name="RAZAO SOCIAL " id="F9C6ECDC-BE46-F3B5-C9C8-73DDCC2A841E">
<createdBy>labsfiap</createdBy>
<createdTime>2025-04-03 21:49:40 UTC</createdTime>
<ownerDesignName>database</ownerDesignName>
<engineerTo>
<item key="01AC03EE-4266-7288-B8BE-0A84BDCA832C" value="true"/>
</engineerTo>
<nullsAllowed>true</nullsAllowed>
<useDomainConstraints>false</useDomainConstraints>
<use>1</use>
<logicalDatatype>LOGDT025</logicalDatatype>
<ownDataTypeParameters>,,</ownDataTypeParameters>
</Attribute>
<Attribute name="CNPJ " id="F003B942-5EEA-0903-80C4-F53D9034FD41">
<createdBy>labsfiap</createdBy>
<createdTime>2025-04-03 21:49:40 UTC</createdTime>
<ownerDesignName>database</ownerDesignName>
<engineerTo>
<item key="01AC03EE-4266-7288-B8BE-0A84BDCA832C" value="true"/>
</engineerTo>
<nullsAllowed>true</nullsAllowed>
<useDomainConstraints>false</useDomainConstraints>
<use>1</use>
<logicalDatatype>LOGDT019</logicalDatatype>
<ownDataTypeParameters>,,</ownDataTypeParameters>
</Attribute>
<Attribute name="INSCRICAO ESTADUAL " id="9056CFD9-E3FE-FBFB-76F0-551C8408265E">
<createdBy>labsfiap</createdBy>
<createdTime>2025-04-03 21:52:11 UTC</createdTime>
<ownerDesignName>database</ownerDesignName>
<engineerTo>
<item key="01AC03EE-4266-7288-B8BE-0A84BDCA832C" value="true"/>
</engineerTo>
<nullsAllowed>true</nullsAllowed>
<useDomainConstraints>false</useDomainConstraints>
<use>1</use>
<logicalDatatype>LOGDT019</logicalDatatype>
<ownDataTypeParameters>,,</ownDataTypeParameters>
</Attribute>
<Attribute name="TELEFONE DA EMPRESA " id="F7179B40-8234-A43B-70D1-A9F59CCAAF86">
<createdBy>labsfiap</createdBy>
<createdTime>2025-04-03 21:52:24 UTC</createdTime>
<ownerDesignName>database</ownerDesignName>
<engineerTo>
<item key="01AC03EE-4266-7288-B8BE-0A84BDCA832C" value="true"/>
</engineerTo>
<nullsAllowed>true</nullsAllowed>
<useDomainConstraints>false</useDomainConstraints>
<use>1</use>
<logicalDatatype>LOGDT025</logicalDatatype>
<ownDataTypeParameters>,,</ownDataTypeParameters>
</Attribute>
<Attribute name="NÚMERO DA MESA " id="AF6C6800-8AED-8927-28F8-691B51F6F858">
<createdBy>labsfiap</createdBy>
<createdTime>2025-04-03 21:52:45 UTC</createdTime>
<ownerDesignName>database</ownerDesignName>
<engineerTo>
<item key="01AC03EE-4266-7288-B8BE-0A84BDCA832C" value="true"/>
</engineerTo>
<nullsAllowed>true</nullsAllowed>
<useDomainConstraints>false</useDomainConstraints>
<use>1</use>
<logicalDatatype>LOGDT025</logicalDatatype>
<ownDataTypeParameters>,,</ownDataTypeParameters>
</Attribute>
</attributes>
<identifiers itemClass="oracle.dbtools.crest.model.design.logical.CandidateKey">
<identifier id="C229C7D3-BB75-B92F-9228-AFEDADFCF7C0" name="ESTABELECIMENTO PK">
<createdBy>labsfiap</createdBy>
<createdTime>2025-04-03 22:24:48 UTC</createdTime>
<ownerDesignName>database</ownerDesignName>
<engineerTo>
<item key="01AC03EE-4266-7288-B8BE-0A84BDCA832C" value="true"/>
</engineerTo>
<pk>true</pk>
<usedAttributes>
<attributeRef>81E2472A-1873-EDE7-C06D-FE0ED21EE289</attributeRef>
</usedAttributes>
</identifier>
</identifiers>
</Entity>