<?xml version = '1.0' encoding = 'UTF-8'?>
<Diagram class="oracle.dbtools.crest.swingui.logical.DPVLogical" name="Logical" id="315C5462-C0FD-B93A-8117-DB4BB9E9C51D">
<createdBy>labsfiap</createdBy>
<modifiedBy>labsfiap</modifiedBy>
<createdTime>2025-04-03 21:49:09 UTC</createdTime>
<autoRoute>false</autoRoute>
<boxInbox>true</boxInbox>
<showLegend>false</showLegend>
<showLabels>false</showLabels>
<showRelAttributes>false</showRelAttributes>
<gridEnabled>false</gridEnabled>
<showGrid>false</showGrid>
<diagramColor>-1</diagramColor>
<display>false</display>
<notation>2</notation>
<objectViews>
<OView class="oracle.dbtools.crest.swingui.logical.TVEntity" oid="06470903-0603-B40E-DF80-AD4ED7DFDE1F" otype="Entity" vid="A5381D72-4111-4BDB-010B-AB2BB4C49756">
<hideElementsInCurrentOnly>false</hideElementsInCurrentOnly>
<bounds x="47" y="175" width="262" height="155"/>
</OView>
<OView class="oracle.dbtools.crest.swingui.logical.TVEntity" oid="6F872AB1-025B-2970-90AF-9010244BCB96" otype="Entity" vid="75209FE5-C4CE-03D0-411B-CAA2A194A25A">
<hideElementsInCurrentOnly>false</hideElementsInCurrentOnly>
<bounds x="402" y="35" width="281" height="137"/>
</OView>
<OView class="oracle.dbtools.crest.swingui.logical.TVEntity" oid="92AEEB17-3F30-8840-9A1B-5310DDF4F0E1" otype="Entity" vid="0215D584-8298-B32C-88A2-D7A88D7822CB">
<hideElementsInCurrentOnly>false</hideElementsInCurrentOnly>
<bounds x="432" y="215" width="328" height="109"/>
</OView>
<OView class="oracle.dbtools.crest.swingui.logical.TVEntity" oid="D363A0D7-F64D-6412-1E3C-03ED8A2C1426" otype="Entity" vid="6687F0A6-E5E6-5A4F-6EDE-25DBC6B1FAD1">
<hideElementsInCurrentOnly>false</hideElementsInCurrentOnly>
<bounds x="839" y="29" width="278" height="130"/>
</OView>
<OView class="oracle.dbtools.crest.swingui.logical.TVEntity" oid="DB76AB6E-7C7F-8F27-49B0-C46F8C954BBC" otype="Entity" vid="F66784FD-F3B9-9DEB-C171-7855312B6CE6">
<hideElementsInCurrentOnly>false</hideElementsInCurrentOnly>
<bounds x="21" y="18" width="266" height="129"/>
</OView>
</objectViews>
<connectors>
<Connector class="oracle.dbtools.crest.swingui.logical.TVRelation" oid="109EF757-10FF-EA80-5F78-59DA0BF142AC" otype="Relation" vid_source="F66784FD-F3B9-9DEB-C171-7855312B6CE6" vid_target="A5381D72-4111-4BDB-010B-AB2BB4C49756">
<hideElementsInCurrentOnly>false</hideElementsInCurrentOnly>
<backgroundColor>-16777216</backgroundColor>
<lineWidth>1</lineWidth>
<points>
<point x="167" y="147"/>
<point x="167" y="175"/>
</points>
</Connector>
<Connector class="oracle.dbtools.crest.swingui.logical.TVRelation" oid="361922DE-5935-66DA-A225-9A25FBDAB248" otype="Relation" vid_source="F66784FD-F3B9-9DEB-C171-7855312B6CE6" vid_target="0215D584-8298-B32C-88A2-D7A88D7822CB">
<hideElementsInCurrentOnly>false</hideElementsInCurrentOnly>
<backgroundColor>-16777216</backgroundColor>
<lineWidth>1</lineWidth>
<points>
<point x="287" y="138"/>
<point x="467" y="215"/>
</points>
</Connector>
<Connector class="oracle.dbtools.crest.swingui.logical.TVRelation" oid="45AC6450-C1F3-8B14-E940-4C883047D15F" otype="Relation" vid_source="75209FE5-C4CE-03D0-411B-CAA2A194A25A" vid_target="6687F0A6-E5E6-5A4F-6EDE-25DBC6B1FAD1">
<hideElementsInCurrentOnly>false</hideElementsInCurrentOnly>
<backgroundColor>-16777216</backgroundColor>
<lineWidth>1</lineWidth>
<points>
<point x="683" y="97"/>
<point x="839" y="97"/>
</points>
</Connector>
<Connector class="oracle.dbtools.crest.swingui.logical.TVRelation" oid="635CAF05-C892-F945-29A9-BBC9E4624D42" otype="Relation" vid_source="F66784FD-F3B9-9DEB-C171-7855312B6CE6" vid_target="75209FE5-C4CE-03D0-411B-CAA2A194A25A">
<hideElementsInCurrentOnly>false</hideElementsInCurrentOnly>
<backgroundColor>-16777216</backgroundColor>
<lineWidth>1</lineWidth>
<points>
<point x="287" y="91"/>
<point x="402" y="91"/>
</points>
</Connector>
</connectors>
</Diagram>